evid,origin_time,latitude,longitude,ml_KMA,mw_spectra,mw_mad_spectra,fc_spectra,fc_mad_spectra,nsta_spectra,mw_TD,mw_mad_TD,fc_TD,fc_mad_TD,nsta_TD
20170103200047 ,2017-01-03T20:00:47.000000Z,36.58,129.24,2.5,2.88,0.01,6,0.24,31,2.93,0.12,5.04,1.59,30
20170105203113 ,2017-01-05T20:31:13.000000Z,35.75,129.17,3.3,3.34,0.02,4,0.17,28,3.3,0.11,3.83,1.69,27
20170105203323 ,2017-01-05T20:33:23.000000Z,35.75,129.18,2.2,2.45,0.02,9.42,0.57,26,2.32,0.13,13.01,2.99,21
20170110151005 ,2017-01-10T15:10:05.000000Z,36.44,128.42,2.1,2.16,0.02,6.15,0.32,35,2.09,0.13,5.96,2.41,29
20170114025255 ,2017-01-14T02:52:55.000000Z,35.17,127.79,2.2,2.54,0.02,6.43,0.38,33,2.45,0.08,6.87,2.67,33
20170116105413 ,2017-01-16T10:54:13.000000Z,36.33,126.59,2.1,2.34,0.01,9.87,0.51,22,2.36,0.09,7.91,1.98,21
20170118034953 ,2017-01-18T03:49:53.000000Z,35.02,125.06,2.5,2.71,0.04,5.93,0.68,3,2.74,0.07,4.15,1.59,3
20170120182738 ,2017-01-20T18:27:38.000000Z,35.75,129.18,2.6,2.92,0.02,4.74,0.24,27,2.9,0.1,4.38,1.58,25
20170123190756 ,2017-01-23T19:07:56.000000Z,35.77,129.17,2.6,2.88,0.02,5,0.23,24,2.83,0.12,6.01,1.94,24
20170126135338 ,2017-01-26T13:53:38.000000Z,33.54,126.87,2,2.29,0.06,4.37,0.63,3,2.24,0.02,4.49,2.08,3
20170129044553 ,2017-01-29T04:45:53.000000Z,38.7,127.16,2.6,3,0.02,4.62,0.28,9,2.93,0.06,5.96,1.99,8
20170205100729 ,2017-02-05T10:07:29.000000Z,33.61,126.73,2.5,2.68,0.05,7.31,1,7,2.52,0.11,7.91,1.2,7
20170209202241 ,2017-02-09T20:22:41.000000Z,35.65,129.57,2.2,2.64,0.02,5.87,0.31,21,2.57,0.07,5.52,1.26,20
20170212002227 ,2017-02-12T00:22:27.000000Z,35.69,129.58,2.3,2.58,0.02,7.85,0.38,21,2.48,0.08,9.86,2.99,20
20170215173456 ,2017-02-15T17:34:56.000000Z,35.78,129.2,2.9,3.04,0.01,5.35,0.21,27,3,0.09,5.65,1.74,25
20170216092019 ,2017-02-16T09:20:19.000000Z,35.64,128.09,2.3,2.61,0.01,7.45,0.3,39,2.61,0.1,6.85,2.94,38
20170218075349 ,2017-02-18T07:53:49.000000Z,33.23,126.18,2,2.51,0.04,4.75,0.42,5,2.43,0.18,5.59,1.94,4
20170218115819 ,2017-02-18T11:58:19.000000Z,35.23,126.94,2.4,2.47,0.01,14.43,0.74,39,2.47,0.11,11.86,4.26,38
20170220182111 ,2017-02-20T18:21:11.000000Z,35.76,129.2,2.1,2.34,0.02,9.17,0.52,27,2.25,0.11,12.1,3.35,27
20170222040850 ,2017-02-22T04:08:50.000000Z,35.77,129.18,2.1,2.26,0.02,8.55,0.52,22,2.15,0.09,10.88,4.53,19
20170223120351 ,2017-02-23T12:03:51.000000Z,37.4,124.89,3.1,3.15,0.07,3.02,0.44,3,3.1,0.01,2.9,1.55,3
20170224023444 ,2017-02-24T02:34:44.000000Z,36.38,127.79,2.3,2.61,0.01,7.24,0.28,34,2.6,0.07,6.37,1.6,32
20170224215844 ,2017-02-24T21:58:44.000000Z,35.74,129.17,2.2,2.61,0.02,6.84,0.31,27,2.54,0.1,7.91,2.7,26
20170224215907 ,2017-02-24T21:59:07.000000Z,35.74,129.18,2.4,2.72,0.02,8.03,0.51,7,2.47,0.23,14.26,2.24,8
20170303213312 ,2017-03-03T21:33:12.000000Z,35.99,127.95,2.3,2.79,0.01,6.05,0.21,39,2.78,0.09,5.68,2.07,38
20170304225204 ,2017-03-04T22:52:04.000000Z,35.75,129.17,2.4,2.55,0.01,7.8,0.34,25,2.54,0.09,7.91,3.52,25
20170305001827 ,2017-03-05T00:18:27.000000Z,37.75,129.66,3.2,3.5,0.03,3.74,0.29,8,3.4,0.08,4.08,0.84,8
20170305002849 ,2017-03-05T00:28:49.000000Z,37.74,129.69,2.4,2.29,0.05,10.21,1.75,3,2.1,0.02,8.69,2.73,3
20170305060940 ,2017-03-05T06:09:40.000000Z,37.72,129.59,2.1,2.24,0.03,7.66,0.62,5,2.3,0.08,8.3,1.73,6
20170305101907 ,2017-03-05T10:19:07.000000Z,37.77,129.7,2.1,2.33,0.03,13.13,0.86,4,2.37,0.02,9.31,1.43,4
20170305212133 ,2017-03-05T21:21:33.000000Z,35.75,126.1,2,2.18,0.02,7.38,0.38,8,2.17,0.09,8.33,1.82,8
20170306184807 ,2017-03-06T18:48:07.000000Z,36.3,128.23,2.2,2.55,0.01,9.83,0.39,40,2.53,0.09,7.91,3.2,39
20170306215336 ,2017-03-06T21:53:36.000000Z,37.75,129.71,2.6,2.62,0.05,8.06,1.24,5,2.55,0.12,6.84,1.57,4
20170308172431 ,2017-03-08T17:24:31.000000Z,35.82,129.78,2,2.21,0.03,5.11,0.39,12,2.01,0.1,6.91,2.85,11
20170313204143 ,2017-03-13T20:41:43.000000Z,34.64,127.78,2.1,2.27,0.02,11.27,0.74,28,2.28,0.18,12.92,5.58,24
20170318180114 ,2017-03-18T18:01:14.000000Z,33.32,127.18,2.9,2.91,0.02,6.36,0.42,5,2.92,0.06,7.91,3.06,5
20170321141948 ,2017-03-21T14:19:48.000000Z,38.52,126.03,2.4,2.53,0.05,5.79,0.77,4,2.59,0.07,4.75,2.67,4
20170327002826 ,2017-03-27T00:28:26.000000Z,35.21,126.95,2,2.37,0.02,7.89,0.42,31,2.32,0.08,7.53,2.95,31
20170327154839 ,2017-03-27T15:48:39.000000Z,37.17,125.48,2.2,2.15,0.05,9.53,1.49,5,2.14,0.05,8.47,2.03,5
20170328064538 ,2017-03-28T06:45:38.000000Z,35.79,129.2,2,2.22,0.02,8.71,0.51,21,2.04,0.11,13.19,4.09,21
20170330124953 ,2017-03-30T12:49:53.000000Z,35.76,129.19,2,2.28,0.02,10.21,0.67,25,2.31,0.08,10.05,4.64,22
20170331044609 ,2017-03-31T04:46:09.000000Z,35.78,129.2,3.3,3.43,0.02,4.33,0.19,26,3.41,0.09,4.45,1.92,26
20170331045328 ,2017-03-31T04:53:28.000000Z,35.78,129.2,2.5,2.78,0.01,6.85,0.28,27,2.72,0.09,6.77,3.44,26
20170401070416 ,2017-04-01T07:04:16.000000Z,35.78,129.2,2.2,2.53,0.01,7.06,0.31,27,2.47,0.09,6.87,2.37,27
20170404142552 ,2017-04-04T14:25:52.000000Z,35.67,129.85,2.2,2.46,0.02,7.5,0.42,13,2.27,0.09,10.79,4.14,13
20170406150409 ,2017-04-06T15:04:09.000000Z,35.97,127.8,2,2.2,0.01,9.73,0.48,31,2.17,0.14,11.31,4.66,30
20170408092049 ,2017-04-08T09:20:49.000000Z,35.76,129.18,2.7,2.72,0.01,6.41,0.28,27,2.65,0.09,6.39,2.53,27
20170408164553 ,2017-04-08T16:45:53.000000Z,35.76,129.2,2.1,2.39,0.02,8.67,0.5,26,2.3,0.11,10.13,4.5,23
20170409190249 ,2017-04-09T19:02:49.000000Z,35.16,128.77,2.3,2.08,0.03,8.04,0.77,13,2.04,0.04,10.36,1.69,11
20170414204152 ,2017-04-14T20:41:52.000000Z,35.76,129.18,2.2,2.4,0.02,9.22,0.51,20,2.42,0.15,9.24,2.53,20
20170415023113 ,2017-04-15T02:31:13.000000Z,36.11,129.36,3.1,3.42,0.03,2.38,0.14,23,3.59,0.05,1.91,0.55,22
20170415081647 ,2017-04-15T08:16:47.000000Z,36.11,129.37,2,2.34,0.02,5.71,0.35,15,2.32,0.14,6.87,2.38,17
20170417161744 ,2017-04-17T16:17:44.000000Z,35.76,129.18,2,2.35,0.02,9.73,0.5,27,2.24,0.07,11.79,5.06,25
20170418083638 ,2017-04-18T08:36:38.000000Z,35.5,128.88,2.1,2.28,0.02,9.31,0.56,24,2.19,0.11,10.86,5.14,24
20170420070021 ,2017-04-20T07:00:21.000000Z,33.77,127.28,3.2,3.28,0.03,5.52,0.46,9,3.26,0.11,5.58,3.74,9
20170428021923 ,2017-04-28T02:19:23.000000Z,36.6,128.81,2.1,2.64,0.01,7.03,0.27,33,2.61,0.11,7.37,2.65,34
20170503160827 ,2017-05-03T16:08:27.000000Z,36.61,129.44,2.6,2.98,0.02,5.22,0.22,20,2.97,0.08,4.25,0.93,19
20170504124623 ,2017-05-04T12:46:23.000000Z,36.74,128.1,2.4,2.77,0.01,5.95,0.25,36,2.77,0.1,5.57,1.63,36
20170504150255 ,2017-05-04T15:02:55.000000Z,36.73,128.1,2,2.51,0.01,7.38,0.3,37,2.52,0.12,6.65,1.93,37
20170505141621 ,2017-05-05T14:16:21.000000Z,35.32,127.43,3,3.28,0.01,4.82,0.19,40,3.36,0.15,3.91,1.23,40
20170510050647 ,2017-05-10T05:06:47.000000Z,35.88,126.19,2.5,2.74,0.02,12.01,0.75,15,2.74,0.11,9.5,2.99,15
20170510133114 ,2017-05-10T13:31:14.000000Z,36.61,129.45,2.1,2.46,0.02,6.45,0.33,17,2.44,0.07,6.52,1.34,17
20170513093723 ,2017-05-13T09:37:23.000000Z,36.61,129.44,2.8,3.21,0.02,3.91,0.19,19,3.27,0.06,3.39,1.17,19
20170516142902 ,2017-05-16T14:29:02.000000Z,36.6,128.92,2.2,2.92,0.02,2.84,0.14,23,3.17,0.11,2.03,0.51,24
20170520072902 ,2017-05-20T07:29:02.000000Z,35.92,128.27,2,2.4,0.01,9.53,0.36,38,2.39,0.13,9.1,3.14,37
20170520132933 ,2017-05-20T13:29:33.000000Z,37.73,129.62,2.9,3.18,0.03,5.81,0.57,7,3.13,0.02,6.81,3.41,7
20170528064738 ,2017-05-28T06:47:38.000000Z,35.67,129.56,2.7,2.81,0.01,5.5,0.22,21,2.76,0.08,5.88,1.73,21
20170603201611 ,2017-06-03T20:16:11.000000Z,36.83,128.1,2.1,2.57,0.01,7.8,0.29,38,2.54,0.12,7.11,2.42,37
20170611091653 ,2017-06-11T09:16:53.000000Z,37.28,129.21,2,2.55,0.02,5.55,0.33,22,2.56,0.16,5.96,1.94,21
20170611113152 ,2017-06-11T11:31:52.000000Z,35.77,129.17,2.5,2.92,0.01,5.04,0.2,30,2.87,0.08,5.45,1.68,30
20170612230151 ,2017-06-12T23:01:51.000000Z,35.74,129.18,2.1,2.49,0.01,6.58,0.28,27,2.44,0.09,6.73,3.52,28
20170613174347 ,2017-06-13T17:43:47.000000Z,38.34,126.14,2.2,2.72,0.04,4.72,0.45,8,2.63,0.11,5.47,2.98,8
20170615075624 ,2017-06-15T07:56:24.000000Z,36.54,125.07,2.4,2.77,0.02,6.37,0.46,4,2.81,0.06,6.23,2.67,4
20170617053009 ,2017-06-17T05:30:09.000000Z,33.38,127.21,2.3,2.44,0.03,5.95,0.53,4,2.64,0.14,4.97,1.52,7
20170620020237 ,2017-06-20T02:02:37.000000Z,35.85,129.08,2,2.49,0.02,5.66,0.24,27,2.44,0.12,5.18,2.16,27
20170627111718 ,2017-06-27T11:17:18.000000Z,35.77,129.2,2,2.43,0.01,9.17,0.42,29,2.39,0.14,8.04,5.2,29
20170705101730 ,2017-07-05T10:17:30.000000Z,35.99,127.97,2.5,2.94,0.01,4.9,0.15,41,2.98,0.07,4.5,1.36,42
20170705210026 ,2017-07-05T21:00:26.000000Z,36,127.94,2.4,2.66,0.01,7.67,0.25,37,2.74,0.1,6.77,1.27,38
20170708184348 ,2017-07-08T18:43:48.000000Z,33.51,125.73,2.1,2.45,0.06,5.62,0.79,7,2.24,0.28,10.04,0.94,7
20170718013105 ,2017-07-18T01:31:05.000000Z,37.69,126.19,2.7,2.88,0.04,4.75,0.48,13,2.65,0.13,7.66,2.82,13
20170719012335 ,2017-07-19T01:23:35.000000Z,33.77,126.12,2.2,2.24,0.04,10.83,1.56,9,2.22,0.23,9.73,4.17,9
20170720053847 ,2017-07-20T05:38:47.000000Z,37.39,129.54,2,2.63,0.02,4.34,0.27,13,2.59,0.08,4.43,1.01,13
20170809045343 ,2017-08-09T04:53:43.000000Z,33.87,125.52,2.7,2.91,0.04,4.74,0.44,4,2.82,0.18,5,0.59,4
20170831205730 ,2017-08-31T20:57:30.000000Z,36.42,127.21,2.1,2.53,0.01,9.57,0.36,38,2.5,0.1,8.71,2.75,38
20170907055807 ,2017-09-07T05:58:07.000000Z,37.6,125.34,2.9,3.26,0.04,5.19,0.52,6,3.2,0.01,5.06,1.02,6
20170915163406 ,2017-09-15T16:34:06.000000Z,34.25,127.13,2.2,1.81,0.03,20.04,0.95,7,1.86,0.09,24.35,24.24,7
20170930063431 ,2017-09-30T06:34:31.000000Z,33.42,127.15,2.5,2.45,0.03,6.61,0.46,6,2.43,0.07,7.91,1,5
20171003171148 ,2017-10-03T17:11:48.000000Z,35.56,129.88,2.4,2.28,0.03,5.2,0.4,14,2.2,0.14,4.5,1.4,13
20171004031031 ,2017-10-04T03:10:31.000000Z,36.16,127.13,2.1,2.16,0.01,11.02,0.53,29,2.1,0.15,9.48,3.8,27
20171008031828 ,2017-10-08T03:18:28.000000Z,34.84,127.25,2.8,3.13,0.01,6.13,0.25,36,3.07,0.1,5.96,2.34,35
20171015210845 ,2017-10-15T21:08:45.000000Z,33.86,125.3,2.8,2.49,0.03,7.39,0.74,3,2.56,0.08,7.95,1.15,3
20171016065115 ,2017-10-16T06:51:15.000000Z,35.79,129.19,2.5,2.54,0.02,7.34,0.35,30,2.46,0.07,6,2.42,26
20171017195603 ,2017-10-17T19:56:03.000000Z,36.59,129.45,2.6,2.98,0.02,5.55,0.26,22,2.97,0.07,4.76,1.85,22
20171019214159 ,2017-10-19T21:41:59.000000Z,35.9,127.54,2,2.43,0.02,12.47,0.89,8,2.43,0.06,12.9,6.73,8
20171020032015 ,2017-10-20T03:20:15.000000Z,38.44,126.16,2.2,2.27,0.06,9.42,1.81,4,2.22,0.02,10.17,5.49,4
20171021041120 ,2017-10-21T04:11:20.000000Z,33.63,126.05,2.7,2.53,0.03,6.21,0.51,8,2.52,0.09,8.59,4.69,8
20171028171456 ,2017-10-28T17:14:56.000000Z,34.39,127.34,2.2,2.19,0.03,10.1,0.98,18,2.11,0.13,14.39,6.66,18
20171030020210 ,2017-10-30T02:02:10.000000Z,36.42,126.48,2.1,2.13,0.02,9.94,0.74,14,2.13,0.1,9.9,4.27,12
20171108003518 ,2017-11-08T00:35:18.000000Z,33.05,126.2,2.5,2.69,0.05,3.21,0.35,3,2.55,0.13,5.74,0.22,3
20171108085249 ,2017-11-08T08:52:49.000000Z,35.16,128.57,2,2.17,0.02,8.33,0.58,21,2.16,0.15,9.1,4.32,19
20171109042942 ,2017-11-09T04:29:42.000000Z,35.75,129.18,2,2.44,0.01,7.91,0.34,25,2.32,0.11,9.3,3.48,24
20171111081851 ,2017-11-11T08:18:51.000000Z,34.84,127.46,2.2,2.36,0.02,8.44,0.49,31,2.32,0.18,7.42,3.51,31
20171115052232 ,2017-11-15T05:22:32.000000Z,36.11,129.36,2.2,2.46,0.02,5.21,0.3,15,2.52,0.07,5.96,1.81,15
20171115052244 ,2017-11-15T05:22:44.000000Z,36.08,129.31,2.6,2.98,0.02,3.9,0.19,21,2.97,0.13,3.99,1,22
20171115052931 ,2017-11-15T05:29:31.000000Z,36.11,129.37,5.4,5.44,0.06,0.54,0.06,24,5.61,0.05,0.37,0.02,7
20171115053259 ,2017-11-15T05:32:59.000000Z,36.1,129.36,3.6,3.74,0.04,2.47,0.19,25,3.63,0.18,3.05,1.68,10
20171115054600 ,2017-11-15T05:46:00.000000Z,36.12,129.39,2.5,2.43,0.03,5.48,0.46,12,2.23,0.06,7.09,1.96,15
20171115055005 ,2017-11-15T05:50:05.000000Z,36.1,129.36,2.4,2.75,0.02,4.27,0.23,19,2.71,0.09,4.67,1.98,21
20171115055255 ,2017-11-15T05:52:55.000000Z,36.11,129.35,2.4,2.39,0.02,6.54,0.38,12,2.23,0.07,7.4,2.79,12
20171100000000 ,2017-11-15T05:56:32.000000Z,36.1,129.35,2.8,3.16,0.02,3.63,0.21,23,3.2,0.11,3.57,0.96,23
20171100000000 ,2017-11-15T05:58:19.000000Z,36.12,129.37,2.9,3.19,0.02,2.99,0.13,24,3.17,0.13,3.19,0.68,23
20171100000000 ,2017-11-15T06:00:54.000000Z,36.11,129.35,2.9,3.3,0.02,2.97,0.15,25,3.28,0.09,2.86,0.9,25
20171100000000 ,2017-11-15T06:09:49.000000Z,36.09,129.34,3.5,3.65,0.02,2.52,0.13,26,3.77,0.06,2.04,0.42,27
20171100000000 ,2017-11-15T06:14:59.000000Z,36.11,129.35,2.5,2.91,0.02,3.55,0.17,23,2.9,0.13,3.39,1.26,21
20171100000000 ,2017-11-15T06:19:46.000000Z,36.14,129.38,2.4,2.75,0.02,4.24,0.21,24,2.69,0.1,5.13,2.03,25
20171100000000 ,2017-11-15T06:23:50.000000Z,36.09,129.35,2.6,3.04,0.02,3.96,0.17,24,3.1,0.11,3.4,0.98,25
20171100000000 ,2017-11-15T06:36:19.000000Z,36.09,129.33,2.3,2.69,0.02,6.01,0.26,23,2.65,0.11,6.19,2.91,23
20171100000000 ,2017-11-15T06:55:00.000000Z,36.12,129.37,2.2,2.52,0.02,5.68,0.28,18,2.55,0.08,5.21,2.12,17
20171100000000 ,2017-11-15T07:11:00.000000Z,36.13,129.36,2.9,3.08,0.01,5.91,0.24,23,3.19,0.1,4.63,1.33,23
20171100000000 ,2017-11-15T07:16:17.000000Z,36.09,129.35,2.4,2.84,0.02,4.25,0.18,25,2.87,0.11,4.33,1.7,25
20171100000000 ,2017-11-15T07:18:36.000000Z,36.14,129.36,2,2.33,0.02,7.52,0.49,15,2.27,0.16,8.39,2.49,20
20171100000000 ,2017-11-15T07:49:30.000000Z,36.12,129.36,4.3,4.54,0.04,1.21,0.1,26,4.68,0.1,0.95,0.19,27
20171100000000 ,2017-11-15T07:57:53.000000Z,36.14,129.37,2.2,2.54,0.03,5.02,0.33,18,2.52,0.21,5.42,2.86,15
20171100000000 ,2017-11-15T08:11:10.000000Z,36.08,129.31,2.8,3.13,0.02,3.64,0.15,24,3.34,0.08,2.17,0.62,24
20171100000000 ,2017-11-15T08:42:53.000000Z,36.14,129.37,2.2,2.48,0.02,5.22,0.29,22,2.41,0.18,6.85,2.7,22
20171100000000 ,2017-11-15T09:41:46.000000Z,36.09,129.32,2.1,2.41,0.02,6.54,0.32,21,2.43,0.18,5.77,2.47,22
20171100000000 ,2017-11-15T09:48:23.000000Z,36.14,129.38,2.1,2.4,0.02,5.61,0.36,16,2.29,0.11,6.35,1.17,17
20171100000000 ,2017-11-15T09:51:33.000000Z,36.14,129.38,2,2.45,0.03,4.48,0.29,18,2.32,0.12,5.86,2.28,19
20171100000000 ,2017-11-15T09:57:36.000000Z,36.11,129.35,2.3,2.7,0.02,4.29,0.2,23,2.72,0.09,4.4,1.31,22
20171100000000 ,2017-11-15T09:58:26.000000Z,36.1,129.35,2.2,2.63,0.02,5.32,0.29,10,2.55,0.09,4.93,1.99,13
20171100000000 ,2017-11-15T09:59:38.000000Z,36.11,129.35,2.1,2.33,0.02,6.98,0.43,18,2.31,0.12,8.57,1.66,17
20171100000000 ,2017-11-15T11:54:25.000000Z,36.1,129.35,2.4,2.95,0.02,5.08,0.21,26,2.93,0.1,4.67,1.94,27
20171100000000 ,2017-11-15T12:35:25.000000Z,36.11,129.36,2,2.37,0.02,5.03,0.32,21,2.3,0.13,6.32,1.92,20
20171100000000 ,2017-11-15T12:59:27.000000Z,36.14,129.36,2.1,2.58,0.02,5.67,0.28,25,2.6,0.14,5.25,1.67,25
20171100000000 ,2017-11-15T13:24:30.000000Z,36.14,129.38,2.1,2.65,0.02,4.06,0.21,24,2.63,0.08,4.5,1.69,23
20171100000000 ,2017-11-15T13:43:12.000000Z,36.1,129.36,2.1,2.38,0.02,5.1,0.29,18,2.26,0.11,6.56,2.96,16
20171100000000 ,2017-11-15T14:05:16.000000Z,36.1,129.36,2,2.49,0.03,3.85,0.24,20,2.42,0.08,4.16,1.1,20
20171100000000 ,2017-11-15T14:18:07.000000Z,36.13,129.38,2.1,2.48,0.02,5.1,0.3,24,2.48,0.07,5.96,1.57,22
20171100000000 ,2017-11-15T15:21:53.000000Z,36.14,129.35,2.4,2.96,0.02,4.34,0.17,25,2.91,0.14,4.5,1.47,25
20171100000000 ,2017-11-15T15:38:14.000000Z,36.09,129.35,2,2.39,0.02,5.76,0.34,21,2.46,0.12,4.79,1.43,20
20171100000000 ,2017-11-15T16:23:12.000000Z,36.09,129.35,2.1,2.48,0.02,5.79,0.3,22,2.47,0.09,5.28,1.58,21
20171100000000 ,2017-11-15T16:36:05.000000Z,36.14,129.36,2.5,3.02,0.02,4.09,0.19,25,2.94,0.08,4.15,1.48,26
20171100000000 ,2017-11-15T17:37:43.000000Z,36.14,129.37,2.3,2.71,0.02,4.41,0.22,26,2.65,0.12,5.3,2.35,25
20171100000000 ,2017-11-15T20:03:37.000000Z,36.08,129.34,2,2.62,0.02,3.51,0.17,22,2.68,0.07,2.96,0.81,21
20171100000000 ,2017-11-15T20:54:11.000000Z,36.09,129.34,2.5,2.91,0.02,4.52,0.21,20,2.96,0.14,3.81,0.75,19
20171100000000 ,2017-11-16T00:47:28.000000Z,36.12,129.37,2.1,2.43,0.02,6.25,0.35,15,2.44,0.13,5.18,1.63,15
20171100000000 ,2017-11-16T01:37:34.000000Z,36.1,129.35,2.3,2.8,0.02,4.61,0.19,23,2.82,0.12,4.71,1.64,23
20171100000000 ,2017-11-16T05:04:04.000000Z,36.13,129.37,2.3,2.86,0.02,3.72,0.16,24,2.88,0.11,3.39,1.18,24
20171100000000 ,2017-11-16T05:31:09.000000Z,36.1,129.34,2,2.18,0.02,8.1,0.52,17,2.19,0.13,8.93,3.05,18
20171100000000 ,2017-11-16T07:48:31.000000Z,36.12,129.36,2.4,2.68,0.02,6.29,0.29,23,2.61,0.07,6.9,1.97,22
20171100000000 ,2017-11-16T08:31:21.000000Z,36.11,129.37,2,2.38,0.02,6.33,0.34,24,2.34,0.09,7.91,3.39,22
20171100000000 ,2017-11-16T08:32:49.000000Z,36.12,129.36,2.2,2.6,0.02,6.22,0.31,22,2.51,0.09,7.41,1.78,22
20171100000000 ,2017-11-16T10:05:05.000000Z,36.12,129.36,2.4,2.78,0.02,5.71,0.24,23,2.76,0.09,6.58,2.08,21
20171100000000 ,2017-11-16T16:17:01.000000Z,36.08,129.33,2.1,2.49,0.02,4.02,0.2,24,2.49,0.11,3.46,1.56,23
20171100000000 ,2017-11-16T23:25:50.000000Z,36.12,129.37,2.1,2.44,0.02,6.03,0.3,18,2.37,0.08,6.93,2.18,19
20171100000000 ,2017-11-17T09:57:15.000000Z,36.1,129.35,2.6,3.12,0.02,4.02,0.18,24,3.1,0.11,4.55,1.53,25
20171100000000 ,2017-11-18T16:18:38.000000Z,36.11,129.34,2,2.38,0.03,4.29,0.29,18,2.25,0.08,5.54,1.5,18
20171100000000 ,2017-11-18T18:33:31.000000Z,36.09,129.35,2.4,2.88,0.02,3.13,0.15,24,2.82,0.08,3.91,1.19,23
20171100000000 ,2017-11-18T20:07:05.000000Z,36.12,129.38,2.1,2.28,0.03,3.86,0.28,15,2.03,0.09,6.32,2.94,15
20171100000000 ,2017-11-18T21:40:59.000000Z,36.09,129.34,2.2,2.45,0.02,6.03,0.37,20,2.39,0.14,6.87,2.94,19
20171100000000 ,2017-11-19T14:45:47.000000Z,36.12,129.36,3.5,3.72,0.02,2.35,0.12,24,3.74,0.1,2.22,0.54,23
20171100000000 ,2017-11-19T21:05:15.000000Z,36.14,129.36,3.6,3.78,0.03,2.1,0.11,25,3.73,0.06,2.25,0.58,24
20171100000000 ,2017-11-20T20:58:34.000000Z,36.09,129.35,2,2.23,0.02,5.85,0.37,16,2.19,0.14,7.97,2.51,15
20171100000000 ,2017-11-20T23:57:29.000000Z,36.09,129.34,2.1,2.59,0.02,5,0.24,22,2.62,0.09,4.5,1.25,23
20171100000000 ,2017-11-21T00:53:01.000000Z,36.11,129.33,2.4,2.63,0.02,4.93,0.22,22,2.64,0.1,4.56,1.13,24
20171100000000 ,2017-11-22T03:41:46.000000Z,36.1,129.35,2.5,2.77,0.02,4.65,0.2,25,2.75,0.09,4.93,1.71,24
20171100000000 ,2017-11-22T13:15:41.000000Z,36.12,129.35,2,2.17,0.02,7.37,0.4,17,2.16,0.08,8.09,1.53,15
20171100000000 ,2017-11-23T14:27:05.000000Z,36.11,129.37,2.3,2.57,0.03,3.79,0.27,9,2.41,0.06,5.05,1.64,8
20171100000000 ,2017-11-23T16:17:27.000000Z,36.11,129.35,2.3,2.5,0.02,6.43,0.32,27,2.45,0.11,6.77,3.23,26
20171100000000 ,2017-11-24T12:27:25.000000Z,34.05,125.57,2.3,2.13,0.03,14.39,1.47,5,2.15,0.07,12.07,3.81,6
20171100000000 ,2017-11-25T03:51:11.000000Z,36.1,129.35,2,2.38,0.02,7.99,0.44,18,2.3,0.11,8.04,2.57,17
20171100000000 ,2017-11-25T05:10:41.000000Z,36.11,129.35,2.3,2.69,0.01,5.71,0.23,20,2.76,0.07,5.61,1.77,20
20171100000000 ,2017-11-30T23:03:26.000000Z,36.1,129.35,2.4,2.64,0.02,7.07,0.36,13,2.59,0.07,7.41,1.6,14
20171200000000 ,2017-12-02T16:13:47.000000Z,36.75,128.82,2.1,2.58,0.01,8.76,0.33,34,2.55,0.1,7.57,2.16,33
20171200000000 ,2017-12-04T12:55:47.000000Z,33.42,127.15,2.5,2.38,0.13,4.26,0.87,4,2.25,0.1,7.35,2.56,4
20171200000000 ,2017-12-05T12:19:32.000000Z,36.02,129.45,2.1,2.24,0.03,4.92,0.39,14,2.25,0.15,4.64,2.42,11
20171200000000 ,2017-12-08T16:49:59.000000Z,36.1,129.35,2.2,2.32,0.02,6.09,0.37,24,2.23,0.16,7.07,1.75,22
20171200000000 ,2017-12-08T17:39:18.000000Z,36.1,129.35,2.3,2.51,0.02,5.55,0.29,23,2.45,0.07,7.08,2.38,22
20171200000000 ,2017-12-09T07:15:37.000000Z,35.61,129.99,2.3,2.42,0.03,6.98,0.51,9,2.35,0.15,7.37,2.47,8
20171200000000 ,2017-12-12T01:06:04.000000Z,38.32,126.18,2.5,2.85,0.05,3.33,0.38,7,2.77,0.26,2.96,1.25,7
20171200000000 ,2017-12-19T04:34:28.000000Z,35.77,129.42,2.1,2.72,0.04,4.47,0.41,10,2.64,0.1,4.2,1.53,10
20171200000000 ,2017-12-21T03:01:12.000000Z,36.72,128.01,2,2.34,0.02,6.63,0.29,32,2.31,0.19,5.66,2.14,29
20171200000000 ,2017-12-25T07:19:22.000000Z,36.11,129.36,3.5,3.69,0.02,2.41,0.12,26,3.78,0.11,1.93,0.73,27
20171200000000 ,2017-12-25T07:32:02.000000Z,36.11,129.36,2.1,2.39,0.03,4.22,0.3,13,2.23,0.03,5.71,0.99,11
20171200000000 ,2017-12-25T19:05:46.000000Z,36.14,129.37,2.2,2.51,0.02,4.47,0.26,23,2.46,0.13,5.18,1.71,23
20171200000000 ,2017-12-27T10:27:45.000000Z,36.11,129.36,2.8,3.16,0.02,3.85,0.16,25,3.07,0.1,4.17,1.69,25
20171200000000 ,2017-12-27T10:42:44.000000Z,36.11,129.36,2.3,2.88,0.02,3.65,0.17,26,2.78,0.11,4.27,1.39,26
20171200000000 ,2017-12-29T08:40:22.000000Z,36.11,129.34,2.1,2.45,0.02,6.03,0.34,21,2.43,0.16,7.17,2.67,19
20171200000000 ,2017-12-30T10:44:13.000000Z,35.76,129.17,2,2.34,0.01,9.08,0.43,28,2.3,0.07,10.1,3.8,29
20180100000000 ,2018-01-01T09:35:01.000000Z,38.33,126.16,2.1,2.18,0.04,7.73,0.93,6,2.32,0.2,7.21,1.11,7
20180100000000 ,2018-01-01T10:11:53.000000Z,36.11,129.36,2,2.29,0.02,6.27,0.35,20,2.25,0.09,6.87,3.47,19
20180100000000 ,2018-01-05T17:47:16.000000Z,37.71,125.94,2.2,2.46,0.04,6.47,0.71,9,2.43,0.12,8.3,2.8,9
20180100000000 ,2018-01-09T07:17:51.000000Z,33.98,127.11,2.1,2.11,0.04,9.76,1.26,8,2.03,0.11,8.5,3.24,7
20180100000000 ,2018-01-10T09:42:59.000000Z,36.26,127.34,2,1.64,0.03,14.12,1.57,7,1.59,0.14,15.86,5.35,13
20180100000000 ,2018-01-23T16:25:17.000000Z,34.32,127.32,2.4,2.44,0.02,9.33,0.68,21,2.49,0.19,6.02,5.25,20
20180200000000 ,2018-02-02T03:21:12.000000Z,36.12,129.37,2.9,3.27,0.02,3.28,0.14,24,3.41,0.1,2.11,0.53,24
20180200000000 ,2018-02-03T02:12:18.000000Z,36.14,129.36,2,2.24,0.03,5.84,0.45,15,2.1,0.22,8.33,3.65,14
20180200000000 ,2018-02-03T03:35:01.000000Z,33.77,127.4,2.6,2.36,0.04,11.07,1.57,5,2.17,0.11,16,7.59,5
20180200000000 ,2018-02-04T06:43:38.000000Z,36.11,129.36,2.1,2.32,0.03,6.29,0.45,17,2.32,0.09,5.28,1.68,16
20180200000000 ,2018-02-04T09:50:25.000000Z,36.37,127.62,2.8,3.02,0.01,7.73,0.26,34,2.97,0.11,7.84,2.14,33
20180200000000 ,2018-02-04T13:20:35.000000Z,36.06,129.31,2.3,2.49,0.02,5.22,0.27,20,2.4,0.13,5.24,1.97,19
20180200000000 ,2018-02-06T00:18:33.000000Z,36.08,129.33,2.5,2.95,0.02,4.84,0.2,24,2.99,0.1,5.09,1.64,25
20180200000000 ,2018-02-09T16:32:38.000000Z,36.6,125.76,2.4,2.61,0.03,6.85,0.6,4,2.75,0.07,5.22,1.38,4
20180200000000 ,2018-02-10T20:03:03.000000Z,36.08,129.33,4.6,4.85,0.16,0.69,0.11,25,5.02,0.04,0.47,0.14,25
20180200000000 ,2018-02-10T20:07:23.000000Z,36.08,129.33,2.5,2.72,0.07,3.37,0.42,22,2.41,0.07,6.36,2.16,8
20180200000000 ,2018-02-10T20:12:06.000000Z,36.07,129.34,2.2,2.46,0.02,6.13,0.31,23,2.46,0.1,6.07,1.57,21
20180200000000 ,2018-02-10T20:14:05.000000Z,36.08,129.33,2.2,2.15,0.02,7.79,0.52,20,2.18,0.21,7.81,2.56,20
20180200000000 ,2018-02-10T20:18:56.000000Z,36.07,129.32,2.1,2.42,0.02,6.61,0.37,20,2.37,0.13,6.45,2.2,19
20180200000000 ,2018-02-10T20:38:06.000000Z,36.09,129.32,2.1,2.44,0.03,3.89,0.24,20,2.32,0.08,4.9,1.06,17
20180200000000 ,2018-02-10T23:11:38.000000Z,36.08,129.34,2.1,2.23,0.02,6.67,0.4,18,2.27,0.13,6.87,3.03,19
20180200000000 ,2018-02-11T03:14:28.000000Z,36.08,129.32,2.1,2.71,0.02,3.63,0.17,23,2.68,0.13,4.15,1.5,21
20180200000000 ,2018-02-11T03:49:37.000000Z,36.08,129.33,2.4,2.87,0.02,3.94,0.18,26,2.95,0.11,3.91,1.35,25
20180200000000 ,2018-02-12T21:30:12.000000Z,36.07,129.33,2.6,3,0.02,4.26,0.19,24,3.09,0.08,3.9,1.22,23
20180200000000 ,2018-02-13T01:32:10.000000Z,36.12,129.37,2.5,2.31,0.03,6.2,0.46,12,2.16,0.05,8.79,1.52,15
20180200000000 ,2018-02-13T17:14:26.000000Z,37.8,125.38,2.3,2.63,0.06,5.74,0.82,5,2.38,0.17,8.8,3.78,4
20180200000000 ,2018-02-17T09:35:48.000000Z,36.11,129.37,2,2.36,0.02,4.15,0.25,16,2.22,0.14,4.28,1.84,15
20180200000000 ,2018-02-17T12:31:18.000000Z,36.09,129.33,2.6,3.03,0.02,3.31,0.14,22,3.05,0.1,3.3,1.08,22
20180200000000 ,2018-02-17T14:38:56.000000Z,36.1,129.35,2.2,2.7,0.02,4.82,0.25,24,2.63,0.07,5.18,1.35,22
20180200000000 ,2018-02-17T18:34:27.000000Z,36.07,129.33,2.4,2.79,0.02,4.54,0.23,23,2.84,0.09,4.17,1.07,22
20180200000000 ,2018-02-25T17:23:03.000000Z,33.97,126.87,2.4,2.12,0.02,11.4,0.99,15,2.07,0.13,10.28,4.6,14
20180300000000 ,2018-03-08T14:16:47.000000Z,35.3,127.33,2,2.48,0.01,6.24,0.26,42,2.48,0.14,6.03,2.35,41
20180300000000 ,2018-03-08T14:38:41.000000Z,35.31,127.32,2,2.32,0.02,7.47,0.31,43,2.31,0.17,7.46,3.36,39
20180300000000 ,2018-03-09T09:05:37.000000Z,36.95,126.45,2.2,2.18,0.03,6.6,0.61,10,2.28,0.11,6.87,2.9,9
20180300000000 ,2018-03-09T16:31:39.000000Z,36.14,129.37,2.8,3.1,0.01,3.49,0.12,34,3.05,0.11,3.98,1.2,32
20180300000000 ,2018-03-15T15:23:23.000000Z,36.98,128.42,2,2.2,0.02,6.35,0.34,34,2.06,0.12,9.6,4.12,32
20180300000000 ,2018-03-16T09:02:47.000000Z,36.1,129.35,2.7,3.01,0.01,4.3,0.15,34,2.92,0.12,4.82,1.3,33
20180300000000 ,2018-03-26T00:40:39.000000Z,37.78,124.83,2.7,3.15,0.05,3.23,0.39,3,3.22,0.03,2.7,0.31,3
20180300000000 ,2018-03-30T15:20:12.000000Z,36.1,129.36,2,2.32,0.02,4.98,0.23,29,2.24,0.09,5.93,2.42,25
20180400000000 ,2018-04-06T12:09:11.000000Z,36.08,129.82,2.6,2.92,0.02,3.91,0.17,25,2.94,0.14,3.38,1.13,24
20180400000000 ,2018-04-09T03:15:40.000000Z,35.76,129.19,2.4,2.79,0.02,6.14,0.28,25,2.68,0.09,6.87,1.88,25
20180400000000 ,2018-04-23T04:10:21.000000Z,33.21,126.4,2.4,2.31,0.05,5.83,0.67,4,2.08,0.04,9.42,0.28,3
20180400000000 ,2018-04-23T20:20:32.000000Z,37.06,125.92,2.5,1.99,0.05,11.46,1.93,7,2.01,0.14,9.4,5.72,8
20180500000000 ,2018-05-01T10:09:05.000000Z,35.77,129.2,2,2.64,0.01,4.56,0.14,41,2.59,0.11,5.04,1.48,38
20180500000000 ,2018-05-02T03:34:36.000000Z,36.56,127.64,2.5,2.95,0.01,5.5,0.16,48,2.96,0.08,5.49,1.98,49
20180500000000 ,2018-05-04T10:20:49.000000Z,36.1,127.7,2,2.44,0.01,6.22,0.21,51,2.44,0.13,5.96,1.99,47
20180500000000 ,2018-05-06T16:52:08.000000Z,36.72,128.37,2,2.29,0.01,8.7,0.39,44,2.24,0.12,9.1,3.51,41
20180500000000 ,2018-05-13T17:07:38.000000Z,33.62,125.58,2.5,2.06,0.03,9.19,0.89,6,1.93,0.17,12.77,3.67,6
20180500000000 ,2018-05-20T04:58:31.000000Z,34.16,125.61,2,2.21,0.03,9.39,0.78,9,2.25,0.09,9.47,3.27,8
20180500000000 ,2018-05-21T15:12:41.000000Z,36.37,129.49,2.2,2.7,0.02,4.98,0.23,32,2.71,0.11,4.45,1.19,30
20180500000000 ,2018-05-30T15:13:22.000000Z,36.22,129.38,2.6,3,0.02,3.91,0.16,36,3.02,0.1,3.43,1.02,36
20180500000000 ,2018-05-31T07:38:15.000000Z,38.53,127.68,2.8,2.99,0.02,5.23,0.23,19,3.26,0.12,2.95,1.55,19
20180600000000 ,2018-06-09T08:38:46.000000Z,35.87,129.73,2.3,2.75,0.01,5.21,0.19,29,2.69,0.1,5.44,2,27
20180600000000 ,2018-06-15T02:10:02.000000Z,36.39,128.49,2.1,2.52,0.01,7.03,0.26,45,2.46,0.12,7.53,2.58,44
20180600000000 ,2018-06-20T14:06:49.000000Z,34.9,124.81,2.1,2.2,0.08,4.97,0.88,3,2.19,0.03,6.6,0.72,3
20180600000000 ,2018-06-28T09:43:00.000000Z,38.18,127.34,2.7,2.99,0.01,5.84,0.24,28,3.05,0.1,4.28,0.86,28
20180600000000 ,2018-06-28T12:03:26.000000Z,36.99,125.25,2.2,2.39,0.04,4.81,0.53,3,2.39,0.07,5.18,1.53,3
20180700000000 ,2018-07-01T06:33:22.000000Z,37.63,129.48,2.2,2.58,0.02,5.54,0.33,19,2.61,0.05,4.5,1.16,17
20180700000000 ,2018-07-03T19:39:40.000000Z,37.3,127.7,2.1,2.59,0.01,7.97,0.29,50,2.52,0.1,8.08,2.4,48
20180700000000 ,2018-07-17T11:19:12.000000Z,35.91,127.81,2.7,3.05,0.01,4.31,0.13,52,3.1,0.09,3.65,1.27,52
20180700000000 ,2018-07-18T20:52:11.000000Z,35.83,129.8,2.5,2.95,0.01,5.07,0.18,25,2.9,0.09,5.16,2.01,24
20180700000000 ,2018-07-20T03:14:33.000000Z,36.01,126.16,2.4,2.73,0.01,9.86,0.48,25,2.78,0.07,7.03,2.76,26
20180700000000 ,2018-07-20T03:29:33.000000Z,35.84,129.79,2.3,2.68,0.02,4.51,0.2,25,2.67,0.1,4.09,1.7,18
20180700000000 ,2018-07-21T14:30:47.000000Z,34.47,127.25,2.2,2.53,0.02,7.01,0.34,26,2.48,0.09,6.87,1.89,26
20180700000000 ,2018-07-22T04:59:11.000000Z,33.41,125.91,2.9,2.53,0.05,6.87,1.04,3,2.52,0.11,6,0.61,3
20180800000000 ,2018-08-08T15:21:24.000000Z,37.03,125.3,2.1,2.49,0.05,3.76,0.42,3,2.59,0.02,3.39,0.51,3
20180800000000 ,2018-08-08T15:23:08.000000Z,37.03,125.27,2.1,2.54,0.04,5.06,0.51,3,2.6,0,4.5,1.18,3
20180800000000 ,2018-08-23T17:57:16.000000Z,37.92,125.68,2.6,3.21,0.04,4.1,0.39,11,3.2,0.17,4.21,1.09,10
20180800000000 ,2018-08-24T12:28:24.000000Z,34.33,127.42,2.1,2.66,0.02,9.53,0.65,21,2.67,0.12,7.27,2.45,21
20180800000000 ,2018-08-28T20:01:29.000000Z,37,129.32,2.5,2.84,0.02,6.09,0.29,27,2.82,0.11,5.91,1.68,27
20180900000000 ,2018-09-14T00:08:13.000000Z,36.78,128.36,2.2,2.64,0.01,8.42,0.34,44,2.64,0.09,8.11,2.48,43
20180900000000 ,2018-09-15T12:45:44.000000Z,37.07,129.91,2.4,2.83,0.05,2.89,0.29,10,2.72,0.1,2.91,0.53,8
20180900000000 ,2018-09-17T01:52:48.000000Z,36.05,129.69,2.4,2.72,0.01,6.72,0.27,27,2.61,0.09,6.87,1.63,27
20180900000000 ,2018-09-24T19:05:47.000000Z,33.46,125.8,2.5,2.12,0.05,5.95,0.75,6,1.93,0.13,8.97,2.58,5
20181000000000 ,2018-10-12T07:43:00.000000Z,38.67,127.18,2.3,2.7,0.03,5.8,0.44,8,2.74,0.12,4.36,1.66,8
20181000000000 ,2018-10-14T05:46:03.000000Z,37.49,124.58,2.4,2.84,0.05,2.45,0.27,4,2.7,0.11,2.99,0.37,4
20181000000000 ,2018-10-16T18:14:44.000000Z,36.16,127.3,2,2.47,0.01,9.14,0.34,36,2.47,0.13,8.22,2.81,36
20181000000000 ,2018-10-19T16:22:40.000000Z,37.26,129.96,2.6,2.89,0.04,3.66,0.36,8,2.93,0.18,2.92,0.78,8
20181000000000 ,2018-10-24T06:14:21.000000Z,38.04,125.37,2.2,2.65,0.05,2.45,0.26,3,2.59,0.08,3.13,0.27,3
20181000000000 ,2018-10-24T20:53:46.000000Z,35.76,129.19,2.3,2.63,0.01,6.51,0.2,49,2.59,0.1,6.46,1.97,47
20181100000000 ,2018-11-04T08:04:44.000000Z,36.08,128.25,2.5,2.54,0.01,7.46,0.31,39,2.54,0.16,6.35,2.78,40
20181100000000 ,2018-11-05T03:01:55.000000Z,37.8,124.9,3.2,3.72,0.05,2.08,0.22,5,3.59,0.07,3.07,0.84,5
20181100000000 ,2018-11-05T03:07:15.000000Z,37.85,124.87,3.1,3.53,0.06,1.93,0.24,6,3.31,0.07,2.77,1.06,6
20181100000000 ,2018-11-18T18:34:49.000000Z,36.42,127.3,2.1,2.53,0.01,7.51,0.26,37,2.5,0.09,7.93,2.76,37
20181100000000 ,2018-11-20T05:10:27.000000Z,33.52,127.29,2.3,2.54,0.03,5.28,0.44,6,2.64,0.09,5.32,2.37,5
20181100000000 ,2018-11-22T09:36:18.000000Z,35.91,129.71,2.2,2.67,0.02,4.58,0.17,26,2.65,0.12,5.18,1.93,25
20181100000000 ,2018-11-23T23:16:44.000000Z,38.7,127.16,2.9,3.15,0.03,4.9,0.35,9,3.19,0.2,4.83,1.89,9
20181100000000 ,2018-11-25T14:27:27.000000Z,33.15,126.09,2.1,2.38,0.04,6,0.57,7,2.44,0.07,6.31,0.83,4
20181100000000 ,2018-11-29T05:52:39.000000Z,37.32,129.69,2.1,2.55,0.02,6.96,0.39,14,2.57,0.07,5.74,1.86,13
20181200000000 ,2018-12-04T23:01:08.000000Z,36.45,129.62,2.1,2.71,0.03,2.92,0.18,23,2.52,0.09,3.91,0.91,17
20181200000000 ,2018-12-04T23:28:20.000000Z,36.45,129.62,2.5,3.1,0.03,2.32,0.13,26,3,0.09,2.67,0.85,26
20181200000000 ,2018-12-07T19:16:41.000000Z,36.31,128.25,2.4,2.69,0.01,8.15,0.31,35,2.67,0.13,7.03,2.08,37
20181200000000 ,2018-12-09T05:06:18.000000Z,35.86,129.69,2.2,2.52,0.02,6.03,0.32,26,2.48,0.11,6.55,1.73,24
20181200000000 ,2018-12-11T18:43:04.000000Z,35.72,126.78,2.1,2.1,0.01,8.83,0.39,39,2.1,0.16,8.34,3.16,36
20181200000000 ,2018-12-16T17:16:27.000000Z,36.53,129.65,2.2,2.71,0.02,4.98,0.21,22,2.68,0.11,4.51,1.45,21
20181200000000 ,2018-12-20T04:23:24.000000Z,35.88,129.69,2,2.58,0.02,5.09,0.21,31,2.55,0.14,4.92,1.52,29
20181200000000 ,2018-12-21T07:06:12.000000Z,35.76,127.95,2.7,3.16,0.01,3.36,0.09,51,3.16,0.1,3.11,1.18,51
20181200000000 ,2018-12-26T18:10:48.000000Z,36.99,128.89,2,2.26,0.02,6.93,0.37,27,2.29,0.11,5.37,1.59,24
20181200000000 ,2018-12-31T21:49:51.000000Z,36.53,129.66,3.1,3.36,0.02,3.83,0.18,23,3.29,0.07,3.67,1.24,22
20190100000000 ,2019-01-02T04:12:27.000000Z,36.77,128.31,2.2,2.76,0.01,4.47,0.15,35,2.77,0.09,4.15,1.06,33
20190100000000 ,2019-01-08T18:10:23.000000Z,37.37,124.23,3.7,3.91,0.12,1.47,0.27,4,3.73,0.08,1.91,0.5,4
20190100000000 ,2019-01-09T20:31:05.000000Z,35.79,129.2,2.5,2.81,0.01,6.49,0.17,48,2.75,0.1,6.53,2.17,48
20190100000000 ,2019-01-13T12:09:20.000000Z,37.02,127.93,2,2.43,0.01,8.09,0.29,42,2.41,0.1,8.3,2.92,40
20190100000000 ,2019-01-17T12:34:02.000000Z,33.94,127.62,2.7,2.42,0.05,8.23,1.24,7,2.35,0.08,5.11,0.71,7
20190100000000 ,2019-01-31T10:57:45.000000Z,36.53,129.66,2.2,2.56,0.03,3.89,0.23,22,2.43,0.06,4.13,0.82,16
20190200000000 ,2019-02-10T03:53:38.000000Z,36.16,129.9,4.1,3.84,0.02,3.03,0.13,28,3.81,0.09,2.56,0.63,27
20190200000000 ,2019-02-10T05:12:38.000000Z,36.16,129.85,2.5,2.71,0.02,5.19,0.22,26,2.68,0.15,5.41,1.51,24
20190200000000 ,2019-02-17T13:19:01.000000Z,33.29,126.25,2.6,2.98,0.03,3.99,0.27,7,2.85,0.1,3.55,1.55,7
20190200000000 ,2019-02-17T20:33:10.000000Z,36.72,128.41,2.4,2.8,0.01,4.6,0.14,41,2.8,0.09,4.34,1.39,40
20190200000000 ,2019-02-20T13:14:47.000000Z,36.51,125.5,2.9,3.08,0.02,5.82,0.35,6,3.14,0.1,5.51,1.7,6
20190200000000 ,2019-02-25T00:30:34.000000Z,36.77,129.03,2.9,3.15,0.01,3.81,0.13,40,3.12,0.12,3.67,1.02,38
20190200000000 ,2019-02-27T12:22:35.000000Z,37.31,124.74,2.2,2.67,0.04,3.15,0.29,6,2.62,0.14,3.76,1.04,6
20190300000000 ,2019-03-09T06:06:45.000000Z,36.82,128.73,2,2.63,0.01,5.77,0.21,33,2.6,0.11,5.41,1.36,32
20190300000000 ,2019-03-10T19:27:00.000000Z,33.47,126.4,2.4,2.25,0.05,5.85,0.64,6,2.14,0.04,7.03,1.66,6
20190300000000 ,2019-03-13T03:20:20.000000Z,33.63,126.93,2.4,2.42,0.04,9,1.14,9,2.4,0.15,6.78,1.57,8
20190300000000 ,2019-03-17T10:28:00.000000Z,36.34,127.87,2.3,2.7,0.01,7.32,0.21,44,2.7,0.11,6.87,2.29,43
20190300000000 ,2019-03-18T20:31:06.000000Z,38.01,126,2.2,2.62,0.03,5.52,0.41,11,2.6,0.08,4.72,1.31,11
20190300000000 ,2019-03-20T22:13:35.000000Z,37.56,125.2,2.7,2.7,0.06,4.59,0.62,6,2.67,0.1,6.91,3.31,5
20190300000000 ,2019-03-28T07:21:56.000000Z,33.62,126.94,2.2,2.45,0.03,6.54,0.48,14,2.4,0.1,5.96,2.05,13
20190400000000 ,2019-04-19T02:16:43.000000Z,37.88,129.54,4.3,4.27,0.03,2.17,0.15,14,4.13,0.05,2.75,0.56,14
20190400000000 ,2019-04-21T20:45:19.000000Z,36.86,129.8,3.8,4.05,0.03,1.74,0.09,27,3.95,0.06,2.03,0.28,27
20190400000000 ,2019-04-26T16:10:06.000000Z,33.79,126.09,2.5,2.26,0.03,8.34,0.75,14,2.23,0.1,8.1,2.81,12
20190500000000 ,2019-05-05T07:57:04.000000Z,36.55,129.54,2.1,2.66,0.02,4.64,0.2,23,2.67,0.13,4.71,1.69,20
20190500000000 ,2019-05-10T07:05:58.000000Z,36.56,129.64,2,2.57,0.02,4.73,0.19,32,2.55,0.14,4.63,1.24,28
20190500000000 ,2019-05-13T14:50:38.000000Z,33.35,127.17,2.4,2.64,0.02,7.03,0.4,11,2.67,0.06,7.91,1.2,11
20190500000000 ,2019-05-17T02:08:33.000000Z,38.37,126.3,2.4,2.57,0.04,2.73,0.24,3,2.99,0.24,1.04,0.31,3
20190600000000 ,2019-06-11T14:18:53.000000Z,35.76,129.19,2.5,2.95,0.01,3.72,0.09,61,2.88,0.11,3.77,1.03,58
20190600000000 ,2019-06-15T13:07:11.000000Z,35.71,126.36,2.2,2.83,0.01,5.12,0.14,40,2.88,0.13,4.82,1.64,41
20190600000000 ,2019-06-23T09:41:15.000000Z,36.69,128.41,2.4,2.86,0.01,5.46,0.13,69,2.85,0.11,5.49,1.7,69
20190700000000 ,2019-07-02T11:51:51.000000Z,35.88,129.69,2.7,2.95,0.01,3.76,0.11,44,2.9,0.13,3.91,1.23,43
20190700000000 ,2019-07-08T05:04:44.000000Z,37.89,129.55,2.2,2.82,0.05,4.35,0.59,9,2.64,0.11,4.5,0.86,9
20190700000000 ,2019-07-19T15:38:40.000000Z,36.33,128.08,2,2.36,0.01,6.01,0.19,62,2.33,0.14,5.96,2.13,59
20190700000000 ,2019-07-21T02:04:18.000000Z,36.5,128.1,3.9,3.84,0.01,2.49,0.07,69,3.75,0.07,2.86,0.57,69
20190700000000 ,2019-07-21T16:15:45.000000Z,35.82,125.56,2,2.55,0.02,5.55,0.35,7,2.61,0.16,6.07,1.89,7
20190700000000 ,2019-07-24T16:46:09.000000Z,37.35,129.84,2.8,2.98,0.02,3.64,0.2,13,3.05,0.17,3.56,1.26,11
20190700000000 ,2019-07-29T20:45:15.000000Z,35,128.3,2.1,2.57,0.02,4.49,0.24,25,2.36,0.13,4.5,1.3,33
20190800000000 ,2019-08-10T13:45:57.000000Z,33.78,126.92,2.3,2.7,0.04,4.12,0.34,16,2.59,0.2,4.52,1.32,15
20190800000000 ,2019-08-11T09:19:50.000000Z,37.97,124.63,2.1,2.62,0.03,4.2,0.35,4,2.55,0.03,4.44,0.73,4
20190800000000 ,2019-08-23T10:50:48.000000Z,37.96,124.69,2.7,3.29,0.05,2.35,0.25,4,3.14,0.06,3.05,0.47,4
20190800000000 ,2019-08-28T05:22:29.000000Z,36.24,130.01,2.5,2.85,0.02,3.23,0.15,30,2.82,0.11,2.95,1.17,27
20190900000000 ,2019-09-07T14:38:06.000000Z,35.48,129.54,2,2.35,0.02,5.21,0.23,38,2.19,0.17,6.18,2.29,30
20190900000000 ,2019-09-10T19:52:07.000000Z,38.13,127.09,2,2.43,0.02,6.16,0.26,35,2.48,0.13,4.66,1.05,36
20190900000000 ,2019-09-19T09:19:05.000000Z,33.65,124.99,2.6,2.72,0.03,8.17,0.69,3,2.87,0.02,5.18,0.99,3
20190900000000 ,2019-09-21T06:11:16.000000Z,38.67,127.17,3.5,3.57,0.03,3.16,0.22,13,3.56,0.13,2.24,0.67,13
20190900000000 ,2019-09-22T02:07:27.000000Z,34.16,125.16,3.3,3.36,0.04,3.42,0.28,8,3.31,0.14,3.4,1.39,8
20190900000000 ,2019-09-25T17:57:31.000000Z,36.09,129.33,2.3,2.71,0.02,3.81,0.14,52,2.69,0.12,3.67,0.83,50
20191000000000 ,2019-10-03T18:57:23.000000Z,35.47,128.86,2.6,2.85,0.01,3.98,0.1,65,2.81,0.13,4.3,0.97,62
20191000000000 ,2019-10-13T10:52:44.000000Z,36.53,129.65,2,2.38,0.03,3.99,0.28,21,2.17,0.11,5.28,1.58,17
20191000000000 ,2019-10-27T06:37:26.000000Z,35.41,128.49,3.4,3.38,0.01,3,0.07,73,3.31,0.12,3.16,0.73,72
20191000000000 ,2019-10-29T17:01:41.000000Z,36.68,128.61,2.3,2.68,0.01,3.45,0.1,54,2.74,0.1,3.1,0.71,49
20191000000000 ,2019-10-31T07:29:34.000000Z,37.24,126.11,2.1,2.42,0.04,4.65,0.46,11,2.44,0.17,5.18,1.67,11
20191100000000 ,2019-11-09T14:14:14.000000Z,37.62,124.65,2.4,2.98,0.06,1.72,0.19,4,2.91,0.05,2,0.54,4
20191100000000 ,2019-11-20T21:08:07.000000Z,35.13,124.93,2.3,2.41,0.06,5.76,0.91,3,2.47,0.02,6.03,0.4,3
20191100000000 ,2019-11-21T10:55:50.000000Z,33.83,128.09,2.4,2.67,0.02,5.63,0.3,5,2.79,0.14,5.91,1.99,5
20191100000000 ,2019-11-29T03:04:43.000000Z,36.86,129.79,2,2.5,0.02,4.9,0.22,24,2.48,0.14,4.43,1.51,20
20191200000000 ,2019-12-04T08:19:20.000000Z,33.94,124.7,2.6,2.75,0.05,2.99,0.31,4,2.69,0.09,4.16,0.48,4
20191200000000 ,2019-12-08T03:09:24.000000Z,35.12,124.96,2,2.29,0.04,6.94,0.52,3,2.37,0.12,4.09,1.17,3
20191200000000 ,2019-12-12T11:29:55.000000Z,33.55,126.92,2.1,2.51,0.03,8.83,0.89,12,2.43,0.16,8.05,2.43,12
20191200000000 ,2019-12-15T05:15:40.000000Z,37.16,126.22,2,2.59,0.02,3.82,0.21,21,2.48,0.08,4.23,1.33,19
20191200000000 ,2019-12-17T07:00:30.000000Z,38.01,126,2.1,2.54,0.04,4.48,0.41,11,2.52,0.03,4.48,1.46,10
20191200000000 ,2019-12-23T21:19:16.000000Z,33.29,127.16,2.4,2.82,0.05,3.52,0.39,7,2.73,0.11,4.24,1.31,8
20191200000000 ,2019-12-28T23:43:26.000000Z,33.33,127.16,2.3,2.69,0.02,5.3,0.31,10,2.66,0.06,6.18,2.3,10
20191200000000 ,2019-12-29T15:32:08.000000Z,35.56,128.9,3.5,3.43,0.01,3.85,0.09,71,3.38,0.09,3.91,0.95,71
20191200000000 ,2019-12-29T16:44:02.000000Z,35.56,128.9,2.1,2.46,0.01,6.91,0.18,69,2.4,0.11,7.03,1.94,65
20200100000000 ,2020-01-07T21:03:00.000000Z,35.91,128.38,2,2.25,0.03,4.03,0.26,27,1.99,0.09,5.74,1.8,28
20200100000000 ,2020-01-15T13:46:11.000000Z,37.11,128.29,2.1,2.43,0.01,7,0.2,67,2.39,0.1,6.77,1.54,64
20200100000000 ,2020-01-29T15:52:52.000000Z,36.59,128.12,3.2,3.17,0.01,5.9,0.12,72,3.13,0.09,5.57,1.38,71
20200200000000 ,2020-02-09T05:41:26.000000Z,35.77,129.03,2.4,2.71,0.01,5.52,0.12,65,2.68,0.09,5.94,1.23,62
20200200000000 ,2020-02-16T11:03:35.000000Z,36.26,130.49,2.7,3,0.05,3.29,0.36,3,2.97,0.01,2.24,0.1,3
20200200000000 ,2020-02-29T13:02:19.000000Z,38.46,126.17,2.7,2.91,0.02,7.68,0.6,7,2.94,0.04,9.78,4.92,7
20200200000000 ,2020-02-29T13:03:50.000000Z,38.45,126.17,2.4,2.73,0.03,5.88,0.53,7,2.75,0.05,8.54,3.52,7
20200300000000 ,2020-03-09T16:16:33.000000Z,35.44,125.54,2,2.23,0.04,5.51,0.55,7,2.19,0.1,6.54,0.64,7
20200300000000 ,2020-03-20T07:02:45.000000Z,35.39,128.01,2.7,3.01,0.01,5.35,0.14,62,2.98,0.07,5.96,1.49,62
20200400000000 ,2020-04-17T22:36:28.000000Z,37.58,126.14,2.3,2.76,0.02,4.31,0.25,23,2.7,0.16,4.4,1.84,23
20200400000000 ,2020-04-23T17:07:22.000000Z,35.3,125.54,2.3,2.74,0.05,3.04,0.32,6,2.95,0.12,1.9,0.12,5
20200400000000 ,2020-04-27T02:07:10.000000Z,35.8,127.53,2.8,3.07,0.01,4.53,0.1,61,3.05,0.05,4.5,0.82,61
20200400000000 ,2020-04-28T03:06:53.000000Z,36.16,127.43,2.4,2.72,0.01,5.28,0.12,67,2.77,0.09,4.5,1.1,65
20200400000000 ,2020-04-28T03:52:01.000000Z,34.66,126.41,2.1,2.47,0.01,8.35,0.3,37,2.51,0.11,6.87,2.26,36
20200400000000 ,2020-04-29T22:13:13.000000Z,34.66,126.4,2.4,2.69,0.01,6.25,0.2,38,2.74,0.09,5.13,1.17,39
20200500000000 ,2020-05-01T17:57:02.000000Z,34.66,126.4,2.3,2.52,0.01,7.45,0.26,36,2.49,0.12,6.41,2.34,36
20200500000000 ,2020-05-03T13:07:14.000000Z,34.66,126.4,3.1,3.18,0.01,4.38,0.15,38,3.16,0.11,4.19,1.78,37
20200500000000 ,2020-05-04T21:44:29.000000Z,38.47,126.16,2.4,2.71,0.03,9.18,1.03,6,2.78,0.07,4.7,1.14,6
20200500000000 ,2020-05-06T17:07:31.000000Z,34.77,124.68,2.1,2.59,0.04,4.97,0.52,4,2.65,0.02,4.12,0.16,4
20200500000000 ,2020-05-08T16:57:39.000000Z,34.66,126.4,2.2,2.62,0.01,5.14,0.19,37,2.62,0.08,4.81,1.23,35
20200500000000 ,2020-05-11T10:45:06.000000Z,38.68,127.18,3.8,3.77,0.03,3.53,0.23,13,3.81,0.11,2.47,0.96,13
20200500000000 ,2020-05-13T06:19:02.000000Z,36.1,127.34,2.8,2.88,0.01,4.13,0.09,64,2.85,0.09,3.91,0.99,62
20200500000000 ,2020-05-22T12:18:32.000000Z,37.67,125,2.1,3.04,0.1,1.56,0.25,4,2.76,0.01,2.87,0.47,3
20200500000000 ,2020-05-27T10:23:28.000000Z,36.01,128.01,2.8,3.22,0.01,2.48,0.07,60,3.23,0.08,2.23,0.68,59
20200600000000 ,2020-06-07T15:52:10.000000Z,36.01,128.01,2.1,2.61,0.01,4.19,0.11,58,2.6,0.1,4.64,1.57,55
20200600000000 ,2020-06-21T00:49:52.000000Z,38.47,128.52,2.3,2.54,0.01,5.15,0.2,24,2.66,0.11,4.01,1.22,23
20200600000000 ,2020-06-23T10:58:05.000000Z,37.86,126.9,2.1,2.53,0.01,6.53,0.23,36,2.47,0.06,5.81,1.38,36
20200700000000 ,2020-07-03T04:59:31.000000Z,37.18,128.71,2.3,2.51,0.01,5.57,0.14,60,2.53,0.1,4.74,1.25,58
20200700000000 ,2020-07-07T05:08:23.000000Z,37.19,125.55,3.3,3.35,0.02,5.6,0.37,11,3.42,0.06,4.54,1.59,11
20200700000000 ,2020-07-11T13:38:55.000000Z,37.88,129.58,2.7,3.03,0.02,2.9,0.15,14,3.06,0.14,2.56,0.56,13
20200700000000 ,2020-07-15T06:20:47.000000Z,34.88,124.68,2.4,2.83,0.07,3.48,0.54,3,2.8,0.01,3.7,1.73,3
20200700000000 ,2020-07-20T10:02:00.000000Z,34.53,128.14,2,2.61,0.02,4.66,0.23,25,2.52,0.05,5.96,0.9,23
20200700000000 ,2020-07-24T15:34:06.000000Z,34.06,125.54,2.2,2.32,0.03,9.04,0.73,11,2.32,0.13,8.74,4.72,11
20200700000000 ,2020-07-31T17:58:47.000000Z,38.65,127.16,2,2.5,0.02,6.32,0.41,11,2.5,0.24,4.08,1.88,11
20200800000000 ,2020-08-01T04:15:06.000000Z,36.77,128.48,2,2.43,0.01,7.28,0.17,64,2.45,0.11,6.78,2.6,62
20200800000000 ,2020-08-20T18:52:51.000000Z,37.91,125.93,2.5,2.74,0.02,8.52,0.52,15,2.77,0.07,5.18,1.54,15
20200900000000 ,2020-09-02T10:43:06.000000Z,34.38,126.2,2.3,2.44,0.04,5.7,0.5,16,2.36,0.12,7.15,2.13,17
20200900000000 ,2020-09-12T04:31:05.000000Z,36.03,128.4,2.4,2.7,0.01,5.99,0.14,74,2.7,0.09,5.7,1.31,72
20200900000000 ,2020-09-12T15:54:03.000000Z,37.64,124.6,2.9,3.22,0.06,2.26,0.27,6,3.11,0.05,2.73,1.01,4
20200900000000 ,2020-09-19T16:22:14.000000Z,36.51,127.14,2.2,2.55,0.01,7.16,0.18,63,2.53,0.08,6.74,2.3,64
20200900000000 ,2020-09-22T11:08:54.000000Z,36.6,129.37,2.1,2.57,0.01,6,0.19,46,2.53,0.1,5.96,1.4,43
20201000000000 ,2020-10-06T19:05:32.000000Z,33.92,127.44,2.1,2.6,0.03,5.29,0.36,15,2.7,0.13,5.28,1.64,14
20201000000000 ,2020-10-08T19:38:14.000000Z,35.75,129.17,2.1,2.62,0.01,4.97,0.14,59,2.5,0.09,5.22,1.6,55
20201000000000 ,2020-10-24T06:09:01.000000Z,33.93,127.45,2.1,2.7,0.03,4.58,0.31,15,2.69,0.12,4.57,1.51,14
20201000000000 ,2020-10-25T10:10:49.000000Z,33.89,125.65,2.5,2.72,0.02,8.21,0.58,11,2.82,0.23,5.65,2.25,11
20201100000000 ,2020-11-03T22:23:48.000000Z,35.83,129.78,2.2,2.77,0.02,3.23,0.15,39,2.7,0.11,3.65,0.7,29
20201100000000 ,2020-11-04T07:50:30.000000Z,35.84,129.79,2.4,2.69,0.02,4.76,0.18,38,2.63,0.13,4.82,0.92,33
20201100000000 ,2020-11-06T09:27:23.000000Z,36.43,128.14,2,2.48,0.01,6.75,0.17,67,2.48,0.11,6.7,2.2,64
20201100000000 ,2020-11-08T06:26:09.000000Z,36.41,128.22,2.9,2.97,0.01,6.95,0.15,69,2.97,0.07,6.85,1.83,68
20201100000000 ,2020-11-14T15:00:29.000000Z,35.76,129.18,2.1,2.6,0.01,6.27,0.16,62,2.53,0.1,6.32,1.81,59
20201100000000 ,2020-11-19T14:17:28.000000Z,37.99,125.37,3.1,3.35,0.05,2.18,0.23,6,3.21,0.05,3.4,0.84,4
20201200000000 ,2020-12-15T08:15:31.000000Z,37.7,125.17,2.3,2.9,0.05,2.36,0.24,5,2.79,0.09,2.74,0.49,4
20201200000000 ,2020-12-18T08:17:23.000000Z,37.66,129.32,2.7,2.94,0.02,3.82,0.15,24,3.02,0.07,3.39,0.6,24
20201200000000 ,2020-12-23T12:28:20.000000Z,37.73,126.73,2.2,2.63,0.01,6.56,0.22,43,2.64,0.11,5.03,1.62,43
20210100000000 ,2021-01-13T23:17:28.000000Z,36.86,125.43,2.1,2.52,0.04,5.17,0.55,10,2.54,0.15,5.28,1.95,10
20210200000000 ,2021-02-03T03:17:56.000000Z,37.32,126.24,2.2,2.68,0.02,4.93,0.21,34,2.67,0.11,4.49,0.97,32
20210200000000 ,2021-02-10T10:28:18.000000Z,37.32,126.24,2.1,2.61,0.02,4.73,0.2,36,2.62,0.14,4.54,1.93,33
20210200000000 ,2021-02-15T09:59:25.000000Z,35.99,126.84,2.5,2.81,0.01,5.4,0.15,53,2.78,0.11,5.78,1.47,55
20210200000000 ,2021-02-21T00:03:34.000000Z,35.47,126.34,2.2,2.53,0.01,9.04,0.3,40,2.52,0.14,7.46,1.73,40
20210300000000 ,2021-03-15T17:51:52.000000Z,35.76,129.19,2.6,3.08,0.01,2.81,0.07,63,3,0.1,3.11,0.85,62
20210400000000 ,2021-04-13T12:56:15.000000Z,36.02,126.91,2,2.42,0.01,8.29,0.26,58,2.39,0.13,8.02,2.44,57
20210400000000 ,2021-04-15T16:43:23.000000Z,37.29,127.71,2.2,2.6,0.01,8.49,0.18,70,2.57,0.09,7.97,2.69,69
20210400000000 ,2021-04-19T05:20:27.000000Z,35.07,125.08,3.7,3.58,0.06,3.96,0.56,6,3.49,0.08,4.81,1.65,6
20210400000000 ,2021-04-19T17:13:27.000000Z,35.08,125.05,2.6,2.86,0.08,3.57,0.64,5,2.8,0.04,2.95,0.46,5
20210400000000 ,2021-04-25T08:07:59.000000Z,37.48,124.36,2.3,2.93,0.07,2.25,0.3,4,2.75,0.06,3.15,0.77,4
20210400000000 ,2021-04-28T03:00:40.000000Z,35.65,129.79,2.5,2.73,0.01,4.58,0.16,36,2.74,0.12,4.14,0.65,34
20210400000000 ,2021-04-28T20:12:25.000000Z,35.65,129.83,2,2.53,0.02,4.41,0.17,34,2.53,0.12,4.3,0.91,31
20210400000000 ,2021-04-30T07:15:04.000000Z,35.52,128.88,2.1,2.56,0.01,5.81,0.15,61,2.51,0.08,6.26,1.71,59
20210500000000 ,2021-05-04T13:42:08.000000Z,35.89,129.67,2,2.53,0.01,5.8,0.2,48,2.46,0.11,5.49,1.4,43
20210500000000 ,2021-05-12T21:04:28.000000Z,35.89,127.33,2,2.51,0.01,7.33,0.17,64,2.5,0.09,6.87,1.93,65
20210600000000 ,2021-06-12T21:13:51.000000Z,36.97,130.34,2,2.81,0.05,3.63,0.4,5,2.7,0.06,3.38,0.44,5
20210600000000 ,2021-06-14T13:42:17.000000Z,35.81,129.77,2.4,2.71,0.01,4.59,0.13,42,2.73,0.16,3.95,1.29,40
20210700000000 ,2021-07-06T21:57:27.000000Z,36.77,128.46,2.3,2.71,0.01,4.76,0.1,72,2.69,0.1,4.82,1.35,73
20210700000000 ,2021-07-25T21:50:56.000000Z,36.32,128.21,2.2,2.66,0.01,6.26,0.17,65,2.6,0.12,6.87,2.12,63
20210700000000 ,2021-07-30T20:17:10.000000Z,35.65,128.4,2.5,2.8,0.01,5.58,0.12,85,2.79,0.13,4.96,1.15,83
20210800000000 ,2021-08-01T05:19:26.000000Z,35.65,129.53,2.2,2.63,0.01,4.09,0.13,47,2.5,0.12,5.18,1.62,43
20210800000000 ,2021-08-20T13:26:52.000000Z,38.37,127.99,2.1,2.37,0.01,9.99,0.38,36,2.4,0.08,9.08,3.59,35
20210800000000 ,2021-08-26T06:58:14.000000Z,35.07,125.12,2.3,2.77,0.04,4.44,0.41,7,2.68,0.12,4.85,1.45,7
20210800000000 ,2021-08-27T22:03:22.000000Z,35,127.73,2.2,2.61,0.01,5.1,0.16,49,2.64,0.13,4.46,1.5,47
20210800000000 ,2021-08-29T04:03:23.000000Z,35.31,128.49,2.2,2.67,0.01,4.19,0.11,63,2.72,0.11,3.38,0.94,56
20210900000000 ,2021-09-11T17:04:46.000000Z,35.53,128.53,2.1,2.44,0.01,6.1,0.15,79,2.42,0.12,5.49,1.83,74
20210900000000 ,2021-09-13T18:36:01.000000Z,35.41,128.78,2.2,2.53,0.01,6.49,0.18,67,2.49,0.12,5.96,1.8,59
20210900000000 ,2021-09-16T20:30:13.000000Z,36.71,126.11,2.2,2.4,0.02,7.65,0.4,19,2.36,0.13,8.72,3.3,17
20210900000000 ,2021-09-19T21:58:49.000000Z,34.88,127.25,2.2,2.58,0.01,8.15,0.32,53,2.52,0.09,7.36,2.25,53
20210900000000 ,2021-09-23T03:02:43.000000Z,35.42,128.49,2.6,2.91,0.01,5.58,0.12,72,2.9,0.1,5.29,1.49,68
20211000000000 ,2021-10-06T12:55:48.000000Z,35.25,127.86,2.5,2.75,0.01,6.43,0.15,69,2.71,0.1,6.13,2.1,66
20211000000000 ,2021-10-09T17:18:51.000000Z,35.1,125.06,2.1,2.48,0.03,5.24,0.45,6,2.45,0.05,5.96,1.72,5
20211000000000 ,2021-10-19T13:13:31.000000Z,35.9,129.75,2.2,2.64,0.01,4.64,0.16,41,2.57,0.14,4.76,1.13,37
20211000000000 ,2021-10-21T21:51:48.000000Z,36.9,128.22,2.4,2.63,0.01,6.49,0.14,78,2.6,0.11,5.96,1.78,77
20211100000000 ,2021-11-11T16:31:05.000000Z,36.15,129.38,2.1,2.77,0.02,2.45,0.1,53,2.64,0.16,3.13,0.8,45
20211100000000 ,2021-11-16T02:57:58.000000Z,35.06,125.06,2.1,2.61,0.04,4.54,0.48,5,2.64,0.04,4.79,2.07,5
20211100000000 ,2021-11-16T11:53:24.000000Z,34.5,125.9,2.1,2.53,0.02,4.71,0.3,21,2.59,0.16,4.78,2.13,22
20211100000000 ,2021-11-16T16:39:11.000000Z,35.66,129.75,2.9,3.23,0.02,2.37,0.09,41,3.23,0.07,2.19,0.53,40
20211100000000 ,2021-11-18T17:35:08.000000Z,33.85,124.77,2.2,2.61,0.03,6.19,0.6,3,2.44,0.02,9.1,0.11,3
20211100000000 ,2021-11-21T20:19:31.000000Z,35.48,127.11,2.1,2.57,0.01,5.87,0.17,65,2.54,0.11,5.95,1.96,62
20211200000000 ,2021-12-04T03:33:22.000000Z,38.02,124.52,2.3,2.97,0.06,2.18,0.26,4,2.8,0.27,2.72,0.83,3
20211200000000 ,2021-12-09T01:57:47.000000Z,33.85,125.51,2.6,2.94,0.02,4.75,0.28,9,2.95,0.13,5.73,2.38,9
20211200000000 ,2021-12-14T08:19:14.000000Z,33.09,126.16,4.9,4.84,0.06,1.01,0.11,7,4.72,0.01,1.13,0.19,7
20211200000000 ,2021-12-15T06:06:47.000000Z,33.14,126.15,2.8,3.11,0.03,3.57,0.27,8,3.12,0.05,2.94,0.84,6
20211200000000 ,2021-12-15T13:02:14.000000Z,35.79,127.8,2.3,2.7,0.01,7.08,0.16,68,2.7,0.07,6.5,1.46,68
20211200000000 ,2021-12-16T21:22:10.000000Z,33.12,126.18,3.2,3.32,0.02,4.48,0.27,8,3.32,0.07,4.14,0.68,8
20220100000000 ,2022-01-27T21:46:53.000000Z,34.37,127.3,2.3,2.59,0.01,9.3,0.42,33,2.59,0.09,7.91,1.57,31
20220200000000 ,2022-02-02T03:04:55.000000Z,35.72,128.99,2.4,2.87,0.01,4.2,0.09,69,2.79,0.08,4.19,0.99,65
20220200000000 ,2022-02-03T17:47:44.000000Z,37.41,129.51,2.3,2.61,0.01,5.31,0.2,25,2.65,0.13,4.47,1.42,25
20220200000000 ,2022-02-08T06:57:13.000000Z,35.07,125.06,2.9,2.99,0.03,4.56,0.38,6,2.97,0.02,4.62,1.38,6
20220200000000 ,2022-02-10T08:20:34.000000Z,35.29,126.59,2.2,2.53,0.01,9.58,0.3,53,2.53,0.1,9.1,2.12,53
20220200000000 ,2022-02-24T03:07:10.000000Z,34,127.59,2.2,2.6,0.02,8.98,0.64,16,2.59,0.13,6.34,3.09,18
20220300000000 ,2022-03-05T13:16:21.000000Z,36.39,127.13,2.4,2.57,0.01,6.7,0.16,61,2.55,0.1,6.54,1.8,61
20220300000000 ,2022-03-06T09:40:32.000000Z,37.31,129.54,2.5,2.88,0.01,4.02,0.14,29,2.84,0.11,4.11,1.39,29
20220400000000 ,2022-04-03T05:19:19.000000Z,35.69,129.35,2,2.6,0.01,5.38,0.13,52,2.54,0.1,5.61,1.87,51
20220400000000 ,2022-04-09T01:55:42.000000Z,36.54,128.08,2.2,2.55,0.01,6.24,0.15,71,2.56,0.11,5.55,1.33,70
20220400000000 ,2022-04-09T17:45:46.000000Z,36.45,129.62,3.4,3.65,0.02,2.26,0.09,49,3.54,0.09,2.38,0.55,48
20220400000000 ,2022-04-12T05:56:28.000000Z,36.82,129.47,2.4,2.72,0.01,5.65,0.2,40,2.74,0.09,5.52,1.88,37
20220400000000 ,2022-04-15T17:08:34.000000Z,34.75,127.26,2.6,2.85,0.01,6.7,0.19,51,2.85,0.09,5.83,1.56,53
20220400000000 ,2022-04-17T14:33:29.000000Z,35.22,128.6,2.3,2.68,0.01,5.44,0.13,60,2.71,0.12,4.78,1.58,59
20220400000000 ,2022-04-18T05:22:38.000000Z,37.26,126.1,2.3,2.74,0.01,7.29,0.29,29,2.7,0.14,6.87,1.04,27
20220500000000 ,2022-05-12T21:50:56.000000Z,33.34,127.22,2.3,2.82,0.03,3.21,0.19,12,2.73,0.14,3.9,1.2,10
20220600000000 ,2022-06-29T06:26:06.000000Z,35.89,129.7,2.3,2.69,0.01,4.89,0.15,44,2.69,0.09,4.27,1.44,40
20220600000000 ,2022-06-29T17:55:34.000000Z,35.9,129.73,2.1,2.76,0.02,2.28,0.1,46,2.71,0.1,2.26,0.6,32
20220600000000 ,2022-06-30T13:51:52.000000Z,37.02,128.98,2.3,2.75,0.01,5.27,0.15,52,2.75,0.1,4.96,1.76,51
20220700000000 ,2022-07-02T22:54:23.000000Z,33.31,127.45,2.6,2.92,0.03,5.82,0.49,8,2.96,0.12,4.46,1.13,8
20220700000000 ,2022-07-20T07:19:50.000000Z,36.29,126.87,2,2.4,0.01,9.51,0.31,50,2.45,0.09,6.87,1.73,48
20220700000000 ,2022-07-20T19:46:57.000000Z,35.79,129.2,2.3,2.61,0.01,4.33,0.12,59,2.65,0.13,3.91,1.13,56
20220700000000 ,2022-07-21T09:38:09.000000Z,36.8,126.25,2.3,2.67,0.02,4.92,0.22,31,2.7,0.09,4.98,1.44,32
20220700000000 ,2022-07-22T21:27:14.000000Z,38.45,125.63,2.5,3.03,0.12,2.38,0.5,3,2.91,0.14,2.56,0.01,3
20220700000000 ,2022-07-28T20:36:56.000000Z,35.39,128.24,2.6,2.9,0.01,6.1,0.13,69,2.88,0.11,5.92,1.44,68
20220700000000 ,2022-07-31T13:05:06.000000Z,38.44,125.62,2.6,3.05,0.07,3.24,0.49,3,2.99,0.11,2.81,0.24,3
20220800000000 ,2022-08-12T10:37:47.000000Z,37.41,124.53,2.7,3.48,0.16,1.33,0.23,3,3.1,0.05,2.61,0.07,6
20220800000000 ,2022-08-24T09:31:24.000000Z,36.47,129.62,2.1,2.75,0.02,4.19,0.16,45,2.7,0.12,4.63,1.08,40
20220800000000 ,2022-08-27T16:54:23.000000Z,37.17,125.42,2.4,2.81,0.03,5.65,0.48,5,2.82,0.03,4.03,0.12,4
20220800000000 ,2022-08-31T23:33:53.000000Z,35.11,125.07,2.5,2.86,0.04,4.45,0.4,5,2.89,0.05,3.54,0.98,5
20220900000000 ,2022-09-02T15:44:46.000000Z,36.39,129.89,2,2.69,0.02,3.24,0.16,32,2.6,0.05,3.39,0.45,21
20220900000000 ,2022-09-10T05:59:48.000000Z,38.95,127.29,3.4,3.58,0.05,2.82,0.29,4,3.72,0.02,2.44,0.66,4
20220900000000 ,2022-09-11T07:28:35.000000Z,36.46,129.63,2.4,2.8,0.01,3.63,0.12,43,2.8,0.09,3.83,0.88,41
20220900000000 ,2022-09-30T19:37:53.000000Z,36.94,127.13,2.7,2.79,0.01,5.83,0.14,60,2.79,0.11,4.99,1.51,57
20221000000000 ,2022-10-28T23:27:33.000000Z,36.88,127.88,3.5,3.42,0.01,3.83,0.09,62,3.41,0.08,3.86,0.86,62
20221000000000 ,2022-10-28T23:27:49.000000Z,36.88,127.88,4.1,3.97,0.02,2.24,0.09,31,3.79,0.06,2.86,0.47,30
20221000000000 ,2022-10-31T17:27:52.000000Z,36.88,127.88,2.9,3,0.01,5.71,0.12,71,2.98,0.11,5.15,1.76,70
20221100000000 ,2022-11-05T04:21:22.000000Z,36.97,126.38,2.5,2.85,0.01,5.08,0.19,37,2.75,0.09,5.83,1.53,35
20221100000000 ,2022-11-07T15:45:45.000000Z,33.3,127.78,2.1,2.68,0.07,5.62,1.03,3,2.8,0.05,4.54,2.2,3
20221100000000 ,2022-11-19T16:01:17.000000Z,33.96,125.22,3.3,3.24,0.04,4.67,0.44,3,3.12,0.07,5.93,1.32,4
20221200000000 ,2022-12-01T06:17:58.000000Z,36.17,128.27,3.2,3.28,0.01,3.81,0.09,78,3.28,0.1,3.48,0.83,79
20221200000000 ,2022-12-03T04:22:58.000000Z,35.77,129.8,2.9,3.02,0.01,4.15,0.15,36,2.99,0.13,3.81,0.91,33
20221200000000 ,2022-12-25T10:31:07.000000Z,36.51,128.65,2.6,2.9,0.01,3.85,0.1,72,2.84,0.1,4.3,0.92,67
